,https://en.wikipedia.org/wiki/(0,1)-matrix,https://en.wikipedia.org/wiki/Adjacency_list
0,https://en.wikipedia.org/wiki/.NET_Framework,,
1,https://en.wikipedia.org/wiki/1727,,
2,https://en.wikipedia.org/wiki/1740,,
3,https://en.wikipedia.org/wiki/1740_Batavia_massacre,,
4,https://en.wikipedia.org/wiki/1936,,
5,https://en.wikipedia.org/wiki/1966,,
6,https://en.wikipedia.org/wiki/1987,,
7,https://en.wikipedia.org/wiki/2-choice_hashing,,
8,https://en.wikipedia.org/wiki/2014_FA_WSL_Cup_Final,,
9,https://en.wikipedia.org/wiki/2017_ITTF_World_Tour,,
10,https://en.wikipedia.org/wiki/2022_Crimean_Bridge_explosion,,
11,https://en.wikipedia.org/wiki/2022_Indonesia_Masters_Super_100,,
12,https://en.wikipedia.org/wiki/2022_Russian_invasion_of_Ukraine,,
13,https://en.wikipedia.org/wiki/32-bit,,
14,https://en.wikipedia.org/wiki/AA_tree,,
15,https://en.wikipedia.org/wiki/ACM_Computing_Classification_System,,
16,https://en.wikipedia.org/wiki/ACM_Fellow,,
17,https://en.wikipedia.org/wiki/ALGOL,,
18,https://en.wikipedia.org/wiki/ALGOL_60,,
19,https://en.wikipedia.org/wiki/ANobii,,
20,https://en.wikipedia.org/wiki/API,,
21,https://en.wikipedia.org/wiki/APL_(programming_language),,
22,https://en.wikipedia.org/wiki/ASVEL_Basket,,
23,https://en.wikipedia.org/wiki/AVL_tree,,
24,https://en.wikipedia.org/wiki/AbeBooks,,
25,https://en.wikipedia.org/wiki/Aberdeen,_South_Dakota,
26,https://en.wikipedia.org/wiki/Abraham_Lempel,,
27,https://en.wikipedia.org/wiki/Absolute_value,,
28,https://en.wikipedia.org/wiki/Absolutely_convergent_series,,
29,https://en.wikipedia.org/wiki/Absorbing_state,,
30,https://en.wikipedia.org/wiki/Abstract_algebra,,
31,https://en.wikipedia.org/wiki/Abstract_data_type,,
32,https://en.wikipedia.org/wiki/Abstract_index_notation,,
33,https://en.wikipedia.org/wiki/Abstract_simplicial_complex,,
34,https://en.wikipedia.org/wiki/Academic_Press,,
35,https://en.wikipedia.org/wiki/Academic_publishing,,
36,https://en.wikipedia.org/wiki/Addison-Wesley,,
37,https://en.wikipedia.org/wiki/Addition,,
38,https://en.wikipedia.org/wiki/Addressing_mode,,
39,https://en.wikipedia.org/wiki/Adi_Shamir,,
40,https://en.wikipedia.org/wiki/Adjugate_matrix,,
41,https://en.wikipedia.org/wiki/Admittance,,
42,https://en.wikipedia.org/wiki/Aegean_Islands,,
43,https://en.wikipedia.org/wiki/Aesthetics,,
44,https://en.wikipedia.org/wiki/Affine_connection,,
45,https://en.wikipedia.org/wiki/Ahmadu_Bello_University,,
46,https://en.wikipedia.org/wiki/Alameda_County,_California,
47,https://en.wikipedia.org/wiki/Alan_Kay,,
48,https://en.wikipedia.org/wiki/Alan_Perlis,,
49,https://en.wikipedia.org/wiki/Alan_Sherman,,
50,https://en.wikipedia.org/wiki/Albert_Einstein,,
51,https://en.wikipedia.org/wiki/Albert_R._Meyer,,
52,https://en.wikipedia.org/wiki/Alexander_Fleming,,
53,https://en.wikipedia.org/wiki/Alexander_Street_Press,,
54,https://en.wikipedia.org/wiki/Alfred_Aho,,
55,https://en.wikipedia.org/wiki/Alfred_Kempe,,
56,https://en.wikipedia.org/wiki/Alfred_North_Whitehead,,
57,https://en.wikipedia.org/wiki/Alfred_Tarski,,
58,https://en.wikipedia.org/wiki/Algebra,,
59,https://en.wikipedia.org/wiki/Algebraic_geometry,,
60,https://en.wikipedia.org/wiki/Algebraic_graph_theory,,
61,https://en.wikipedia.org/wiki/Algebraic_multiplicity,,
62,https://en.wikipedia.org/wiki/Algebraic_number_theory,,
63,https://en.wikipedia.org/wiki/Algebraic_topology,,
64,https://en.wikipedia.org/wiki/Algebraically_closed_field,,
65,https://en.wikipedia.org/wiki/Algorithm,,
66,https://en.wikipedia.org/wiki/Algorithm_design,,
67,https://en.wikipedia.org/wiki/Algorithmic_efficiency,,
68,https://en.wikipedia.org/wiki/Algorithmica,,
69,https://en.wikipedia.org/wiki/Algorithms,,
70,https://en.wikipedia.org/wiki/Alibris,,
71,https://en.wikipedia.org/wiki/Allegheny_County,_Pennsylvania,
72,https://en.wikipedia.org/wiki/Allen_Newell,,
73,https://en.wikipedia.org/wiki/Alternant_matrix,,
74,https://en.wikipedia.org/wiki/Alternating_sign_matrix,,
75,https://en.wikipedia.org/wiki/Amador_Valley_High_School,,
76,https://en.wikipedia.org/wiki/Amazon.com,,
77,https://en.wikipedia.org/wiki/American_Academy_of_Arts_and_Sciences,,
78,https://en.wikipedia.org/wiki/American_Association_for_the_Advancement_of_Science,,
79,https://en.wikipedia.org/wiki/American_Mathematical_Society,,
80,https://en.wikipedia.org/wiki/American_University,,
81,https://en.wikipedia.org/wiki/Amir_Pnueli,,
82,https://en.wikipedia.org/wiki/Amon_Carter_Museum_of_American_Art,,
83,https://en.wikipedia.org/wiki/Amortized_analysis,,
84,https://en.wikipedia.org/wiki/Amos_Fiat,,
85,https://en.wikipedia.org/wiki/Analysis_of_algorithms,,
86,https://en.wikipedia.org/wiki/Analysis_of_parallel_algorithms,,
87,https://en.wikipedia.org/wiki/Analytic_geometry,,
88,https://en.wikipedia.org/wiki/Analytic_number_theory,,
89,https://en.wikipedia.org/wiki/Andrea_LaPaugh,,
90,https://en.wikipedia.org/wiki/Andrei_Broder,,
91,https://en.wikipedia.org/wiki/Andrew_Sutherland_(mathematician),,
92,https://en.wikipedia.org/wiki/Andrew_Yao,,
93,https://en.wikipedia.org/wiki/Andrey_Ershov,,
94,https://en.wikipedia.org/wiki/Angular_resolution_(graph_drawing),,
95,https://en.wikipedia.org/wiki/Anna_Karlin,,
96,https://en.wikipedia.org/wiki/Anna_Lysyanskaya,,
97,https://en.wikipedia.org/wiki/Annual_IEEE_Symposium_on_Foundations_of_Computer_Science,,
98,https://en.wikipedia.org/wiki/Anti-diagonal_matrix,,
99,https://en.wikipedia.org/wiki/Antibiotic,,
100,https://en.wikipedia.org/wiki/Antisymmetric_tensor,,
101,https://en.wikipedia.org/wiki/Anton_Kotzig,,
102,https://en.wikipedia.org/wiki/Apparent_variable,,
103,https://en.wikipedia.org/wiki/Append,,
104,https://en.wikipedia.org/wiki/Apple_Inc.,,
105,https://en.wikipedia.org/wiki/Application_checkpointing,,
106,https://en.wikipedia.org/wiki/Application_security,,
107,https://en.wikipedia.org/wiki/Applied_mathematics,,
108,https://en.wikipedia.org/wiki/ArXiv_(identifier),,
109,https://en.wikipedia.org/wiki/Arboricity,,
110,https://en.wikipedia.org/wiki/Arc-transitive_graph,,
111,https://en.wikipedia.org/wiki/Arc_diagram,,
112,https://en.wikipedia.org/wiki/Archive.org,,
113,https://en.wikipedia.org/wiki/Area_(graph_drawing),,
114,https://en.wikipedia.org/wiki/Arithmetic,,
115,https://en.wikipedia.org/wiki/Arithmetic_geometry,,
116,https://en.wikipedia.org/wiki/Arizona_State_University,,
117,https://en.wikipedia.org/wiki/Arnold_Dumey,,
118,https://en.wikipedia.org/wiki/Array,,
119,https://en.wikipedia.org/wiki/Array_(data_structure),,
120,https://en.wikipedia.org/wiki/Array_data_type,,
121,https://en.wikipedia.org/wiki/Array_index,,
122,https://en.wikipedia.org/wiki/Array_slicing,,
123,https://en.wikipedia.org/wiki/Array_variable,,
124,https://en.wikipedia.org/wiki/Arrow_(symbol),,
125,https://en.wikipedia.org/wiki/Arrowhead_matrix,,
126,https://en.wikipedia.org/wiki/Arthur_Cayley,,
127,https://en.wikipedia.org/wiki/Arthur_Leonard_Schawlow,,
128,https://en.wikipedia.org/wiki/Arthur_Samuel,,
129,https://en.wikipedia.org/wiki/Artificial_intelligence,,
130,https://en.wikipedia.org/wiki/Artificial_neural_network,,
131,https://en.wikipedia.org/wiki/Asia_Pacific_University_College_of_Technology_and_Innovation,,
132,https://en.wikipedia.org/wiki/Aspect_ratio,,
133,https://en.wikipedia.org/wiki/Association_for_Computing_Machinery,,
134,https://en.wikipedia.org/wiki/Association_list,,
135,https://en.wikipedia.org/wiki/Associative_algebra,,
136,https://en.wikipedia.org/wiki/Associative_array,,
137,https://en.wikipedia.org/wiki/Associative_arrays,,
138,https://en.wikipedia.org/wiki/Associativity,,
139,https://en.wikipedia.org/wiki/Assyrian_Church_of_the_East,,
140,https://en.wikipedia.org/wiki/Asterisk,,
141,https://en.wikipedia.org/wiki/Asymmetric_multiprocessing,,
142,https://en.wikipedia.org/wiki/Asymptotic_time_complexity,,
143,https://en.wikipedia.org/wiki/Ateji_PX,,
144,https://en.wikipedia.org/wiki/Atom,,
145,https://en.wikipedia.org/wiki/Auburn_University,,
146,https://en.wikipedia.org/wiki/Auckland_Libraries,,
147,https://en.wikipedia.org/wiki/Auckland_University,,
148,https://en.wikipedia.org/wiki/Auckland_University_of_Technology,,
149,https://en.wikipedia.org/wiki/Augmented_matrix,,
150,https://en.wikipedia.org/wiki/Augustin-Louis_Cauchy,,
151,https://en.wikipedia.org/wiki/Augustus_De_Morgan,,
152,https://en.wikipedia.org/wiki/Australian_Capital_Territory,,
153,https://en.wikipedia.org/wiki/Australian_National_University,,
154,https://en.wikipedia.org/wiki/Automata_theory,,
155,https://en.wikipedia.org/wiki/Automated_planning_and_scheduling,,
156,https://en.wikipedia.org/wiki/Automatic_parallelization,,
157,https://en.wikipedia.org/wiki/Automatic_theorem_prover,,
158,https://en.wikipedia.org/wiki/Avelina,,
159,https://en.wikipedia.org/wiki/Average-case_complexity,,
160,https://en.wikipedia.org/wiki/Avrim_Blum,,
161,https://en.wikipedia.org/wiki/Axiom,,
162,https://en.wikipedia.org/wiki/Axiom_of_reducibility,,
163,https://en.wikipedia.org/wiki/B-tree,,
164,https://en.wikipedia.org/wiki/B.S.E.,,
165,https://en.wikipedia.org/wiki/BBVA_Foundation_Frontiers_of_Knowledge_Awards,,
166,https://en.wikipedia.org/wiki/Bachelor_of_Science,,
167,https://en.wikipedia.org/wiki/Backtracking,,
168,https://en.wikipedia.org/wiki/Badhalawadi,,
169,https://en.wikipedia.org/wiki/Balaban_10-cage,,
170,https://en.wikipedia.org/wiki/Balaban_11-cage,,
171,https://en.wikipedia.org/wiki/Band_matrix,,
172,https://en.wikipedia.org/wiki/Bangladesh_Parliament,,
173,https://en.wikipedia.org/wiki/Barbara_Liskov,,
174,https://en.wikipedia.org/wiki/Bareiss_algorithm,,
175,https://en.wikipedia.org/wiki/Barrie,_Ontario,
176,https://en.wikipedia.org/wiki/Barrier_(computer_science),,
177,https://en.wikipedia.org/wiki/Base64,,
178,https://en.wikipedia.org/wiki/Basic_Linear_Algebra_Subprograms,,
179,https://en.wikipedia.org/wiki/Basis_(linear_algebra),,
180,https://en.wikipedia.org/wiki/Bend_minimization,,
181,https://en.wikipedia.org/wiki/Bengali_Renaissance,,
182,https://en.wikipedia.org/wiki/Benny_Sudakov,,
183,https://en.wikipedia.org/wiki/Benzylpenicillin,,
184,https://en.wikipedia.org/wiki/Beowulf_cluster,,
185,https://en.wikipedia.org/wiki/Bergen_County,_New_Jersey,
186,https://en.wikipedia.org/wiki/Bergen_County_Cooperative_Library_System,,
187,https://en.wikipedia.org/wiki/Bernard_Chazelle,,
188,https://en.wikipedia.org/wiki/Bernhard_Riemann,,
189,https://en.wikipedia.org/wiki/Bertrand_Russell,,
190,https://en.wikipedia.org/wiki/Best,_worst_and_average_case,
191,https://en.wikipedia.org/wiki/Better_World_Books,,
192,https://en.wikipedia.org/wiki/Biadjacency_matrix,,
193,https://en.wikipedia.org/wiki/Bibcode_(identifier),,
194,https://en.wikipedia.org/wiki/BibliOZ,,
195,https://en.wikipedia.org/wiki/Biblio.com,,
196,https://en.wikipedia.org/wiki/Biblioteca_Nacional_de_Portugal,,
197,https://en.wikipedia.org/wiki/Bibliotek.dk,,
198,https://en.wikipedia.org/wiki/Biclique-free_graph,,
199,https://en.wikipedia.org/wiki/Bidiagonal_matrix,,
200,https://en.wikipedia.org/wiki/Bidiakis_cube,,
201,https://en.wikipedia.org/wiki/Big-O_notation,,
202,https://en.wikipedia.org/wiki/Big_O_notation,,
203,https://en.wikipedia.org/wiki/Bijection,,
204,https://en.wikipedia.org/wiki/Bilinear_form,,
205,https://en.wikipedia.org/wiki/Bilinear_map,,
206,https://en.wikipedia.org/wiki/Billboard_200,,
207,https://en.wikipedia.org/wiki/Binary_decision_diagram,,
208,https://en.wikipedia.org/wiki/Binary_entropy_function,,
209,https://en.wikipedia.org/wiki/Binary_heap,,
210,https://en.wikipedia.org/wiki/Binary_logarithm,,
211,https://en.wikipedia.org/wiki/Binary_operation,,
212,https://en.wikipedia.org/wiki/Binary_relation,,
213,https://en.wikipedia.org/wiki/Binary_search_algorithm,,
214,https://en.wikipedia.org/wiki/Binary_search_tree,,
215,https://en.wikipedia.org/wiki/Binary_tree,,
216,https://en.wikipedia.org/wiki/Bindu_Panicker,,
217,https://en.wikipedia.org/wiki/Binghamton,_New_York,
218,https://en.wikipedia.org/wiki/Binomial_heap,,
219,https://en.wikipedia.org/wiki/BioFabric,,
220,https://en.wikipedia.org/wiki/BioRxiv_(identifier),,
221,https://en.wikipedia.org/wiki/Bioinformatics,,
222,https://en.wikipedia.org/wiki/Biological_pathway,,
223,https://en.wikipedia.org/wiki/Biology,,
224,https://en.wikipedia.org/wiki/Biomax_Informatics_AG,,
225,https://en.wikipedia.org/wiki/Bipartite_graph,,
226,https://en.wikipedia.org/wiki/Bisection_method,,
227,https://en.wikipedia.org/wiki/Bisymmetric_matrix,,
228,https://en.wikipedia.org/wiki/Bit,,
229,https://en.wikipedia.org/wiki/Bit-level_parallelism,,
230,https://en.wikipedia.org/wiki/Bit_array,,
231,https://en.wikipedia.org/wiki/Bit_length,,
232,https://en.wikipedia.org/wiki/Bitwise_operation,,
233,https://en.wikipedia.org/wiki/Bivector,,
234,https://en.wikipedia.org/wiki/Bjarne_Stroustrup,,
235,https://en.wikipedia.org/wiki/Block-diagonal_matrix,,
236,https://en.wikipedia.org/wiki/Block_matrix,,
237,https://en.wikipedia.org/wiki/Block_tridiagonal_matrix,,
238,https://en.wikipedia.org/wiki/Bloom_filter,,
239,https://en.wikipedia.org/wiki/Bob_Kahn,,
240,https://en.wikipedia.org/wiki/Bol.com,,
241,https://en.wikipedia.org/wiki/Bones_and_All,,
242,https://en.wikipedia.org/wiki/BookCrossing,,
243,https://en.wikipedia.org/wiki/BookFinder.com,,
244,https://en.wikipedia.org/wiki/BookMooch,,
245,https://en.wikipedia.org/wiki/Book_Depository,,
246,https://en.wikipedia.org/wiki/Books-A-Million,,
247,https://en.wikipedia.org/wiki/Bookshop_(company),,
248,https://en.wikipedia.org/wiki/Boolean_algebra,,
249,https://en.wikipedia.org/wiki/Boolean_matrix,,
250,https://en.wikipedia.org/wiki/Boolean_value,,
251,https://en.wikipedia.org/wiki/Boost_Graph_Library,,
252,https://en.wikipedia.org/wiki/Boston_Public_Library,,
253,https://en.wikipedia.org/wiki/Boulder_Public_Library,,
254,https://en.wikipedia.org/wiki/Bounded_expansion,,
255,https://en.wikipedia.org/wiki/Bounding_box,,
256,https://en.wikipedia.org/wiki/Bowdoin_College,,
257,https://en.wikipedia.org/wiki/Bowling_Green_State_University,,
258,https://en.wikipedia.org/wiki/Box_bracket,,
259,https://en.wikipedia.org/wiki/Breadth-first_search,,
260,https://en.wikipedia.org/wiki/Brendan_McKay_(mathematician),,
261,https://en.wikipedia.org/wiki/Brian_Conrey,,
262,https://en.wikipedia.org/wiki/Brigham_Young_University,,
263,https://en.wikipedia.org/wiki/Brigitte_Servatius,,
264,https://en.wikipedia.org/wiki/British_Council,,
265,https://en.wikipedia.org/wiki/British_Library,,
266,https://en.wikipedia.org/wiki/Brooklyn_Public_Library,,
267,https://en.wikipedia.org/wiki/Broome_County,_New_York,
268,https://en.wikipedia.org/wiki/Brown_University,,
269,https://en.wikipedia.org/wiki/Bruno_Buchberger,,
270,https://en.wikipedia.org/wiki/Burnaby_Public_Library,,
271,https://en.wikipedia.org/wiki/Burroughs_large_systems,,
272,https://en.wikipedia.org/wiki/Burt_Kaliski,,
273,https://en.wikipedia.org/wiki/Butler_Lampson,,
274,https://en.wikipedia.org/wiki/C/W_MARS,,
275,https://en.wikipedia.org/wiki/CAR_and_CDR,,
276,https://en.wikipedia.org/wiki/CDR_coding,,
277,https://en.wikipedia.org/wiki/CISTI,,
278,https://en.wikipedia.org/wiki/CLIC_(disambiguation),,
279,https://en.wikipedia.org/wiki/COBOL,,
280,https://en.wikipedia.org/wiki/CONSORT_Colleges,,
281,https://en.wikipedia.org/wiki/CPU_cache,,
282,https://en.wikipedia.org/wiki/CRC_Press,,
283,https://en.wikipedia.org/wiki/CUDA,,
284,https://en.wikipedia.org/wiki/C_(programming_language),,
285,https://en.wikipedia.org/wiki/C_standard_library,,
286,https://en.wikipedia.org/wiki/Cache-oblivious_algorithm,,
287,https://en.wikipedia.org/wiki/Cache-only_memory_architecture,,
288,https://en.wikipedia.org/wiki/Cache_(computing),,
289,https://en.wikipedia.org/wiki/Cache_coherence,,
290,https://en.wikipedia.org/wiki/Cache_invalidation,,
291,https://en.wikipedia.org/wiki/Cache_prefetching,,
292,https://en.wikipedia.org/wiki/Calculus,,
293,https://en.wikipedia.org/wiki/Calgary_Public_Library,,
294,https://en.wikipedia.org/wiki/Cambridge_University_Press,,
295,https://en.wikipedia.org/wiki/Camille_Jordan,,
296,https://en.wikipedia.org/wiki/Canadian_Journal_of_Mathematics,,
297,https://en.wikipedia.org/wiki/Canberra_Stadium,,
298,https://en.wikipedia.org/wiki/Cape_Libraries_Automated_Materials_Sharing,,
299,https://en.wikipedia.org/wiki/Car_and_cdr,,
300,https://en.wikipedia.org/wiki/Cardinal_number,,
301,https://en.wikipedia.org/wiki/Carl_Friedrich_Gauss,,
302,https://en.wikipedia.org/wiki/Carl_Gustav_Jacob_Jacobi,,
303,https://en.wikipedia.org/wiki/Carleman_matrix,,
304,https://en.wikipedia.org/wiki/Carleton_College,,
305,https://en.wikipedia.org/wiki/Carleton_University,,
306,https://en.wikipedia.org/wiki/Carnegie_Library,,
307,https://en.wikipedia.org/wiki/Carnegie_Mellon_University,,
308,https://en.wikipedia.org/wiki/Caroline_of_Ansbach,,
309,https://en.wikipedia.org/wiki/Carsten_Thomassen,,
310,https://en.wikipedia.org/wiki/Cartan_formalism_(physics),,
311,https://en.wikipedia.org/wiki/Cartan_matrix,,
312,https://en.wikipedia.org/wiki/Cartesian_product_of_graphs,,
313,https://en.wikipedia.org/wiki/Cartography,,
314,https://en.wikipedia.org/wiki/Catholicon_(1286),,
315,https://en.wikipedia.org/wiki/Cauchy_matrix,,
316,https://en.wikipedia.org/wiki/Cauchy_stress_tensor,,
317,https://en.wikipedia.org/wiki/Cayley_graph,,
318,https://en.wikipedia.org/wiki/Celtic_Orthodox_Church,,
319,https://en.wikipedia.org/wiki/Cengage,,
320,https://en.wikipedia.org/wiki/Centering_matrix,,
321,https://en.wikipedia.org/wiki/Central_America,,
322,https://en.wikipedia.org/wiki/Central_New_York,,
323,https://en.wikipedia.org/wiki/Central_Queensland_University,,
324,https://en.wikipedia.org/wiki/Central_processing_unit,,
325,https://en.wikipedia.org/wiki/Centrality,,
326,https://en.wikipedia.org/wiki/Centrosymmetric_matrix,,
327,https://en.wikipedia.org/wiki/Chalmers_University_of_Technology,,
328,https://en.wikipedia.org/wiki/Chamber_of_Deputies_(Bolivia),,
329,https://en.wikipedia.org/wiki/Change_of_basis,,
330,https://en.wikipedia.org/wiki/Chapel_(programming_language),,
331,https://en.wikipedia.org/wiki/Chapman_University,,
332,https://en.wikipedia.org/wiki/Chapters,,
333,https://en.wikipedia.org/wiki/Character_(computing),,
334,https://en.wikipedia.org/wiki/Characteristic_polynomial,,
335,https://en.wikipedia.org/wiki/Charles_Bachman,,
336,https://en.wikipedia.org/wiki/Charles_E._Leiserson,,
337,https://en.wikipedia.org/wiki/Charles_F._Van_Loan,,
338,https://en.wikipedia.org/wiki/Charles_P._Thacker,,
339,https://en.wikipedia.org/wiki/Charles_Royal_Johnson,,
340,https://en.wikipedia.org/wiki/Charles_Scott_(governor),,
341,https://en.wikipedia.org/wiki/Charles_Sturt_University,,
342,https://en.wikipedia.org/wiki/Chemical_bond,,
343,https://en.wikipedia.org/wiki/Chemical_graph_theory,,
344,https://en.wikipedia.org/wiki/Chemical_structure,,
345,https://en.wikipedia.org/wiki/Chemistry,,
346,https://en.wikipedia.org/wiki/Chenango_County,_New_York,
347,https://en.wikipedia.org/wiki/Chicago_Public_Library,,
348,https://en.wikipedia.org/wiki/Chinese_mathematics,,
349,https://en.wikipedia.org/wiki/Chordal_graph,,
350,https://en.wikipedia.org/wiki/Chris_Godsil,,
351,https://en.wikipedia.org/wiki/Christchurch_College_of_Education,,
352,https://en.wikipedia.org/wiki/Christchurch_Public_Libraries,,
353,https://en.wikipedia.org/wiki/Christoffel_symbols,,
354,https://en.wikipedia.org/wiki/Christopher_Newport_University,,
355,https://en.wikipedia.org/wiki/Chromatic_number,,
356,https://en.wikipedia.org/wiki/Chulalongkorn_University,,
357,https://en.wikipedia.org/wiki/Cilk,,
358,https://en.wikipedia.org/wiki/Circle_packing_theorem,,
359,https://en.wikipedia.org/wiki/Circulant_matrix,,
360,https://en.wikipedia.org/wiki/Circular_buffer,,
361,https://en.wikipedia.org/wiki/Circular_layout,,
362,https://en.wikipedia.org/wiki/Citation_graph,,
363,https://en.wikipedia.org/wiki/CiteSeerX_(identifier),,
364,https://en.wikipedia.org/wiki/Claude_Berge,,
365,https://en.wikipedia.org/wiki/Clemson_University,,
366,https://en.wikipedia.org/wiki/Cleo_Miller,,
367,https://en.wikipedia.org/wiki/Cleveland_Public_Library,,
368,https://en.wikipedia.org/wiki/Cliff_Shaw,,
369,https://en.wikipedia.org/wiki/Clifford_Stine,,
370,https://en.wikipedia.org/wiki/Clifford_algebra,,
371,https://en.wikipedia.org/wiki/Clique_problem,,
372,https://en.wikipedia.org/wiki/Closed_subset,,
373,https://en.wikipedia.org/wiki/Cloud_computing,,
374,https://en.wikipedia.org/wiki/Cloudy_with_a_Chance_of_Meatballs_(film),,
375,https://en.wikipedia.org/wiki/Cluster_analysis,,
376,https://en.wikipedia.org/wiki/Coalesced_hashing,,
377,https://en.wikipedia.org/wiki/Coarray_Fortran,,
378,https://en.wikipedia.org/wiki/Cocoa_(API),,
379,https://en.wikipedia.org/wiki/Coding_theory,,
380,https://en.wikipedia.org/wiki/Coefficient,,
381,https://en.wikipedia.org/wiki/Cofactor_matrix,,
382,https://en.wikipedia.org/wiki/Cograph,,
383,https://en.wikipedia.org/wiki/Collection_(abstract_data_type),,
384,https://en.wikipedia.org/wiki/College_of_Southern_Nevada,,
385,https://en.wikipedia.org/wiki/College_of_Wooster,,
386,https://en.wikipedia.org/wiki/Colorado,,
387,https://en.wikipedia.org/wiki/Colorado_State_University,,
388,https://en.wikipedia.org/wiki/Columbia,_South_Carolina,
389,https://en.wikipedia.org/wiki/Columbia_University,,
390,https://en.wikipedia.org/wiki/Column_vector,,
391,https://en.wikipedia.org/wiki/Column_vectors,,
392,https://en.wikipedia.org/wiki/Combinatorial_optimization,,
393,https://en.wikipedia.org/wiki/Combinatorial_species,,
394,https://en.wikipedia.org/wiki/Combinatorics,,
395,https://en.wikipedia.org/wiki/Combinatorics,_Probability_and_Computing,
396,https://en.wikipedia.org/wiki/Comma_category,,
397,https://en.wikipedia.org/wiki/Command_pattern,,
398,https://en.wikipedia.org/wiki/Commercial_broadcasting,,
399,https://en.wikipedia.org/wiki/Commission_on_Higher_Education_(Philippines),,
400,https://en.wikipedia.org/wiki/Communications_of_the_ACM,,
401,https://en.wikipedia.org/wiki/Commutation_matrix,,
402,https://en.wikipedia.org/wiki/Commutative,,
403,https://en.wikipedia.org/wiki/Commutative_algebra,,
404,https://en.wikipedia.org/wiki/Commutative_property,,
405,https://en.wikipedia.org/wiki/Commutative_ring,,
406,https://en.wikipedia.org/wiki/Companion_matrix,,
407,https://en.wikipedia.org/wiki/Comparison_of_linear_algebra_libraries,,
408,https://en.wikipedia.org/wiki/Compiler_construction,,
409,https://en.wikipedia.org/wiki/Complement_graph,,
410,https://en.wikipedia.org/wiki/Complete_bipartite_graph,,
411,https://en.wikipedia.org/wiki/Complete_graph,,
412,https://en.wikipedia.org/wiki/Complex_Hadamard_matrix,,
413,https://en.wikipedia.org/wiki/Complex_analysis,,
414,https://en.wikipedia.org/wiki/Complex_conjugate,,
415,https://en.wikipedia.org/wiki/Complex_network,,
416,https://en.wikipedia.org/wiki/Complex_number,,
417,https://en.wikipedia.org/wiki/Complexity_analysis,,
418,https://en.wikipedia.org/wiki/Component_(graph_theory),,
419,https://en.wikipedia.org/wiki/Computability_theory,,
420,https://en.wikipedia.org/wiki/Computational_Geometry_(journal),,
421,https://en.wikipedia.org/wiki/Computational_biology,,
422,https://en.wikipedia.org/wiki/Computational_chemistry,,
423,https://en.wikipedia.org/wiki/Computational_complexity,,
424,https://en.wikipedia.org/wiki/Computational_complexity_theory,,
425,https://en.wikipedia.org/wiki/Computational_engineering,,
426,https://en.wikipedia.org/wiki/Computational_geometry,,
427,https://en.wikipedia.org/wiki/Computational_linguistics,,
428,https://en.wikipedia.org/wiki/Computational_mathematics,,
429,https://en.wikipedia.org/wiki/Computational_neuroscience,,
430,https://en.wikipedia.org/wiki/Computational_overhead,,
431,https://en.wikipedia.org/wiki/Computational_physics,,
432,https://en.wikipedia.org/wiki/Computational_social_science,,
433,https://en.wikipedia.org/wiki/Computational_statistics,,
434,https://en.wikipedia.org/wiki/Computer_Science,,
435,https://en.wikipedia.org/wiki/Computer_accessibility,,
436,https://en.wikipedia.org/wiki/Computer_algebra,,
437,https://en.wikipedia.org/wiki/Computer_algebra_system,,
438,https://en.wikipedia.org/wiki/Computer_animation,,
439,https://en.wikipedia.org/wiki/Computer_architecture,,
440,https://en.wikipedia.org/wiki/Computer_cluster,,
441,https://en.wikipedia.org/wiki/Computer_data_storage,,
442,https://en.wikipedia.org/wiki/Computer_graphics,,
443,https://en.wikipedia.org/wiki/Computer_hardware,,
444,https://en.wikipedia.org/wiki/Computer_memory,,
445,https://en.wikipedia.org/wiki/Computer_network,,
446,https://en.wikipedia.org/wiki/Computer_network_diagram,,
447,https://en.wikipedia.org/wiki/Computer_programming,,
448,https://en.wikipedia.org/wiki/Computer_science,,
449,https://en.wikipedia.org/wiki/Computer_scientist,,
450,https://en.wikipedia.org/wiki/Computer_security,,
451,https://en.wikipedia.org/wiki/Computer_security_compromised_by_hardware_failure,,
452,https://en.wikipedia.org/wiki/Computer_vision,,
453,https://en.wikipedia.org/wiki/Computing,,
454,https://en.wikipedia.org/wiki/Computing_platform,,
455,https://en.wikipedia.org/wiki/Conceptual_graph,,
456,https://en.wikipedia.org/wiki/Concordia_College_(Minnesota),,
457,https://en.wikipedia.org/wiki/Concordia_University_(Quebec),,
458,https://en.wikipedia.org/wiki/Concurrency_(computer_science),,
459,https://en.wikipedia.org/wiki/Concurrent_computing,,
460,https://en.wikipedia.org/wiki/Concurrent_hash_table,,
461,https://en.wikipedia.org/wiki/Condensed_matter_physics,,
462,https://en.wikipedia.org/wiki/Condition_number,,
463,https://en.wikipedia.org/wiki/Conference_matrix,,
464,https://en.wikipedia.org/wiki/Confusion_matrix,,
465,https://en.wikipedia.org/wiki/Conjugate_gradient_method,,
466,https://en.wikipedia.org/wiki/Conjugate_transpose,,
467,https://en.wikipedia.org/wiki/ConnectNY,,
468,https://en.wikipedia.org/wiki/Connected_graph,,
469,https://en.wikipedia.org/wiki/Connection_form,,
470,https://en.wikipedia.org/wiki/Connectivity_(graph_theory),,
471,https://en.wikipedia.org/wiki/Connectomics,,
472,https://en.wikipedia.org/wiki/Cons,,
473,https://en.wikipedia.org/wiki/Consistent_hashing,,
474,https://en.wikipedia.org/wiki/Constant_time,,
475,https://en.wikipedia.org/wiki/Container_(abstract_data_type),,
476,https://en.wikipedia.org/wiki/Contiguous_data_storage,,
477,https://en.wikipedia.org/wiki/Continuous_function,,
478,https://en.wikipedia.org/wiki/Continuous_graph,,
479,https://en.wikipedia.org/wiki/Continuous_uniform_distribution,,
480,https://en.wikipedia.org/wiki/Continuum_mechanics,,
481,https://en.wikipedia.org/wiki/Contra_Costa_County,_California,
482,https://en.wikipedia.org/wiki/Control_flow,,
483,https://en.wikipedia.org/wiki/Control_table,,
484,https://en.wikipedia.org/wiki/Control_theory,,
485,https://en.wikipedia.org/wiki/Control_variable_(programming),,
486,https://en.wikipedia.org/wiki/Convergent_matrix,,
487,https://en.wikipedia.org/wiki/Coordinate_change,,
488,https://en.wikipedia.org/wiki/Coordinate_system,,
489,https://en.wikipedia.org/wiki/Coordinate_vector,,
490,https://en.wikipedia.org/wiki/Copac,,
491,https://en.wikipedia.org/wiki/Copositive_matrix,,
492,https://en.wikipedia.org/wiki/Copyright_Clearance_Center,,
493,https://en.wikipedia.org/wiki/Core_Foundation,,
494,https://en.wikipedia.org/wiki/Corinna_Cortes,,
495,https://en.wikipedia.org/wiki/Cornell_University,,
496,https://en.wikipedia.org/wiki/Cornell_University_Library,,
497,https://en.wikipedia.org/wiki/Coronation_of_the_British_monarch,,
498,https://en.wikipedia.org/wiki/Correlation_matrix,,
499,https://en.wikipedia.org/wiki/Cost_efficiency,,
500,https://en.wikipedia.org/wiki/Covariance_and_contravariance_of_vectors,,
501,https://en.wikipedia.org/wiki/Covariance_matrix,,
502,https://en.wikipedia.org/wiki/Covariant_derivative,,
503,https://en.wikipedia.org/wiki/Covering_problem,,
504,https://en.wikipedia.org/wiki/Coxeter_matrix,,
505,https://en.wikipedia.org/wiki/Cranfield_University,,
506,https://en.wikipedia.org/wiki/Crimean_Bridge,,
507,https://en.wikipedia.org/wiki/Crispin_Nash-Williams,,
508,https://en.wikipedia.org/wiki/Critical_point_(mathematics),,
509,https://en.wikipedia.org/wiki/Cross-validation_(statistics),,
510,https://en.wikipedia.org/wiki/Cross_product,,
511,https://en.wikipedia.org/wiki/Crossing_number_(graph_theory),,
512,https://en.wikipedia.org/wiki/Cryptocurrency_tumbler,,
513,https://en.wikipedia.org/wiki/Cryptographic_hash_function,,
514,https://en.wikipedia.org/wiki/Cryptography,,
515,https://en.wikipedia.org/wiki/Cubic_graph,,
516,https://en.wikipedia.org/wiki/Cuckoo_hashing,,
517,https://en.wikipedia.org/wiki/Curlie,,
518,https://en.wikipedia.org/wiki/Cuthbert_Edmund_Cullis,,
519,https://en.wikipedia.org/wiki/Cuyahoga_County_Public_Library,,
520,https://en.wikipedia.org/wiki/Cybernetics,,
521,https://en.wikipedia.org/wiki/Cyberwarfare,,
522,https://en.wikipedia.org/wiki/Cycle_(graph_theory),,
523,https://en.wikipedia.org/wiki/Cycle_detection,,
524,https://en.wikipedia.org/wiki/Cycle_double_cover,,
525,https://en.wikipedia.org/wiki/Cycle_graph,,
526,https://en.wikipedia.org/wiki/Cyclic_permutation,,
527,https://en.wikipedia.org/wiki/Cytoscape,,
528,https://en.wikipedia.org/wiki/D._A._Klarner,,
529,https://en.wikipedia.org/wiki/D3js,,
530,https://en.wikipedia.org/wiki/DBLP,,
531,https://en.wikipedia.org/wiki/DBM_(computing),,
532,https://en.wikipedia.org/wiki/DFT_matrix,,
533,https://en.wikipedia.org/wiki/DGML,,
534,https://en.wikipedia.org/wiki/DOT_(graph_description_language),,
535,https://en.wikipedia.org/wiki/DRAKON,,
536,https://en.wikipedia.org/wiki/D_(programming_language),,
537,https://en.wikipedia.org/wiki/Daily_Press_(Virginia),,
538,https://en.wikipedia.org/wiki/Dan_Willard,,
539,https://en.wikipedia.org/wiki/Dana_Scott,,
540,https://en.wikipedia.org/wiki/Daniel_Kleitman,,
541,https://en.wikipedia.org/wiki/Daniel_P._Sanders,,
542,https://en.wikipedia.org/wiki/Daniel_Sleator,,
543,https://en.wikipedia.org/wiki/Dartmouth_BASIC,,
544,https://en.wikipedia.org/wiki/Dartmouth_College,,
545,https://en.wikipedia.org/wiki/Data-flow_diagram,,
546,https://en.wikipedia.org/wiki/Data_(computing),,
547,https://en.wikipedia.org/wiki/Data_buffer,,
548,https://en.wikipedia.org/wiki/Data_matrix_(multivariate_statistics),,
549,https://en.wikipedia.org/wiki/Data_mining,,
550,https://en.wikipedia.org/wiki/Data_parallelism,,
551,https://en.wikipedia.org/wiki/Data_structure,,
552,https://en.wikipedia.org/wiki/Data_structures,,
553,https://en.wikipedia.org/wiki/Data_type,,
554,https://en.wikipedia.org/wiki/Database,,
555,https://en.wikipedia.org/wiki/Database_index,,
556,https://en.wikipedia.org/wiki/Database_transaction,,
557,https://en.wikipedia.org/wiki/Dataflow_architecture,,
558,https://en.wikipedia.org/wiki/Dataflow_programming,,
559,https://en.wikipedia.org/wiki/Dave_Herman_(American_football),,
560,https://en.wikipedia.org/wiki/David_A._Klarner,,
561,https://en.wikipedia.org/wiki/David_Epstein_(disambiguation),,
562,https://en.wikipedia.org/wiki/David_Patterson_(computer_scientist),,
563,https://en.wikipedia.org/wiki/David_Shmoys,,
564,https://en.wikipedia.org/wiki/Dayton_Metro_Library,,
565,https://en.wikipedia.org/wiki/De_La_Salle_University,,
566,https://en.wikipedia.org/wiki/Deadlock,,
567,https://en.wikipedia.org/wiki/Deakin_University,,
568,https://en.wikipedia.org/wiki/Deaths_in_2022,,
569,https://en.wikipedia.org/wiki/Decimal_computer,,
570,https://en.wikipedia.org/wiki/Decision_problem,,
571,https://en.wikipedia.org/wiki/Decision_support_system,,
572,https://en.wikipedia.org/wiki/Deepak_Chopra,,
573,https://en.wikipedia.org/wiki/Defective_matrix,,
574,https://en.wikipedia.org/wiki/Definite_matrix,,
575,https://en.wikipedia.org/wiki/Definiteness_of_a_matrix,,
576,https://en.wikipedia.org/wiki/Degeneracy_(graph_theory),,
577,https://en.wikipedia.org/wiki/Degree_(graph_theory),,
578,https://en.wikipedia.org/wiki/Degree_distribution,,
579,https://en.wikipedia.org/wiki/Degree_matrix,,
580,https://en.wikipedia.org/wiki/Degree_of_a_polynomial,,
581,https://en.wikipedia.org/wiki/Delaware,,
582,https://en.wikipedia.org/wiki/Delaware_County,_New_York,
583,https://en.wikipedia.org/wiki/Delhi_Public_Library,,
584,https://en.wikipedia.org/wiki/Denison_University,,
585,https://en.wikipedia.org/wiki/Dennis_Ritchie,,
586,https://en.wikipedia.org/wiki/Dense_graph,,
587,https://en.wikipedia.org/wiki/Dense_subgraph,,
588,https://en.wikipedia.org/wiki/Density_matrix,,
589,https://en.wikipedia.org/wiki/Denver_Public_Library,,
590,https://en.wikipedia.org/wiki/Department_of_Agriculture_(Philippines),,
591,https://en.wikipedia.org/wiki/Department_of_Science_and_Technology_(Philippines),,
592,https://en.wikipedia.org/wiki/Dependability,,
593,https://en.wikipedia.org/wiki/Depth-first_search,,
594,https://en.wikipedia.org/wiki/Derrick_Henry_Lehmer,,
595,https://en.wikipedia.org/wiki/Des_Moines,_Iowa,
596,https://en.wikipedia.org/wiki/Desargues_graph,,
597,https://en.wikipedia.org/wiki/Descriptive_statistics,,
598,https://en.wikipedia.org/wiki/Design_matrix,,
599,https://en.wikipedia.org/wiki/Determinant,,
600,https://en.wikipedia.org/wiki/Deterministic_acyclic_finite_state_automaton,,
601,https://en.wikipedia.org/wiki/Deterministic_algorithm,,
602,https://en.wikipedia.org/wiki/Dhanteras,,
603,https://en.wikipedia.org/wiki/Diagonal_matrix,,
604,https://en.wikipedia.org/wiki/Diagonalizable_matrix,,
605,https://en.wikipedia.org/wiki/Diagonally_dominant_matrix,,
606,https://en.wikipedia.org/wiki/Diagram,,
607,https://en.wikipedia.org/wiki/Dictionary_of_Algorithms_and_Data_Structures,,
608,https://en.wikipedia.org/wiki/Differentiable_function,,
609,https://en.wikipedia.org/wiki/Differential_calculus,,
610,https://en.wikipedia.org/wiki/Differential_equation,,
611,https://en.wikipedia.org/wiki/Differential_form,,
612,https://en.wikipedia.org/wiki/Differential_geometry,,
613,https://en.wikipedia.org/wiki/Differential_topology,,
614,https://en.wikipedia.org/wiki/Digital_art,,
615,https://en.wikipedia.org/wiki/Digital_library,,
616,https://en.wikipedia.org/wiki/Digital_marketing,,
617,https://en.wikipedia.org/wiki/Digital_photographer,,
618,https://en.wikipedia.org/wiki/Dimension,,
619,https://en.wikipedia.org/wiki/Dimensionality_reduction,,
620,https://en.wikipedia.org/wiki/Dimensionless_quantity,,
621,https://en.wikipedia.org/wiki/Diophantine_geometry,,
622,https://en.wikipedia.org/wiki/Directed_acyclic_graph,,
623,https://en.wikipedia.org/wiki/Directed_graph,,
624,https://en.wikipedia.org/wiki/Discrete_Applied_Mathematics,,
625,https://en.wikipedia.org/wiki/Discrete_Laplace_operator,,
626,https://en.wikipedia.org/wiki/Discrete_geometry,,
627,https://en.wikipedia.org/wiki/Discrete_mathematics,,
628,https://en.wikipedia.org/wiki/Disjoint-set_data_structure,,
629,https://en.wikipedia.org/wiki/Disjoint_union_of_graphs,,
630,https://en.wikipedia.org/wiki/Disk_drive,,
631,https://en.wikipedia.org/wiki/Distance-regular_graph,,
632,https://en.wikipedia.org/wiki/Distance-transitive_graph,,
633,https://en.wikipedia.org/wiki/Distance_matrix,,
634,https://en.wikipedia.org/wiki/Distributed_artificial_intelligence,,
635,https://en.wikipedia.org/wiki/Distributed_computing,,
636,https://en.wikipedia.org/wiki/Distributed_hash_table,,
637,https://en.wikipedia.org/wiki/Distributed_memory,,
638,https://en.wikipedia.org/wiki/Distributed_shared_memory,,
639,https://en.wikipedia.org/wiki/Distributivity,,
640,https://en.wikipedia.org/wiki/Divide-and-conquer_algorithm,,
641,https://en.wikipedia.org/wiki/Division_(mathematics),,
642,https://en.wikipedia.org/wiki/Doctor_of_Philosophy,,
643,https://en.wikipedia.org/wiki/Doctoral_advisor,,
644,https://en.wikipedia.org/wiki/Document-term_matrix,,
645,https://en.wikipedia.org/wiki/Document_management_system,,
646,https://en.wikipedia.org/wiki/Dod_Orsborne,,
647,https://en.wikipedia.org/wiki/Dodecahedron,,
648,https://en.wikipedia.org/wiki/Doi_(identifier),,
649,https://en.wikipedia.org/wiki/Domain-specific_language,,
650,https://en.wikipedia.org/wiki/Dominance_drawing,,
651,https://en.wikipedia.org/wiki/Dominating_set,,
652,https://en.wikipedia.org/wiki/Donald_E._Knuth,,
653,https://en.wikipedia.org/wiki/Donald_Knuth,,
654,https://en.wikipedia.org/wiki/Dope_vector,,
655,https://en.wikipedia.org/wiki/Dorothea_Wagner,,
656,https://en.wikipedia.org/wiki/Dot_product,,
657,https://en.wikipedia.org/wiki/Douban,,
658,https://en.wikipedia.org/wiki/Double-ended_priority_queue,,
659,https://en.wikipedia.org/wiki/Double-ended_queue,,
660,https://en.wikipedia.org/wiki/Double_hashing,,
661,https://en.wikipedia.org/wiki/Doubly_linked_list,,
662,https://en.wikipedia.org/wiki/Doubly_stochastic_matrix,,
663,https://en.wikipedia.org/wiki/Douglas_Engelbart,,
664,https://en.wikipedia.org/wiki/Dover_Publications,,
665,https://en.wikipedia.org/wiki/Drexel_University,,
666,https://en.wikipedia.org/wiki/Dryad_(programming),,
667,https://en.wikipedia.org/wiki/Dual-phase_evolution,,
668,https://en.wikipedia.org/wiki/Dual_graph,,
669,https://en.wikipedia.org/wiki/Dual_space,,
670,https://en.wikipedia.org/wiki/Duke_University,,
671,https://en.wikipedia.org/wiki/Dunedin_Public_Libraries,,
672,https://en.wikipedia.org/wiki/Duplication_and_elimination_matrices,,
673,https://en.wikipedia.org/wiki/Durham_University,,
674,https://en.wikipedia.org/wiki/Dutch_East_Indies,,
675,https://en.wikipedia.org/wiki/Dutch_language,,
676,https://en.wikipedia.org/wiki/Dyadics,,
677,https://en.wikipedia.org/wiki/Dyck_graph,,
678,https://en.wikipedia.org/wiki/Dymocks,,
679,https://en.wikipedia.org/wiki/Dynamic_array,,
680,https://en.wikipedia.org/wiki/Dynamic_memory_allocation,,
681,https://en.wikipedia.org/wiki/Dynamic_perfect_hashing,,
682,https://en.wikipedia.org/wiki/Dynamic_programming,,
683,https://en.wikipedia.org/wiki/E-commerce,,
684,https://en.wikipedia.org/wiki/E._Allen_Emerson,,
685,https://en.wikipedia.org/wiki/EBSCO_Industries,,
686,https://en.wikipedia.org/wiki/EBay,,
687,https://en.wikipedia.org/wiki/EDVAC,,
688,https://en.wikipedia.org/wiki/EFL_Cup,,
689,https://en.wikipedia.org/wiki/Eberhard_Knobloch,,
690,https://en.wikipedia.org/wiki/Economics,,
691,https://en.wikipedia.org/wiki/Edgar_F._Codd,,
692,https://en.wikipedia.org/wiki/Edge_(graph_theory),,
693,https://en.wikipedia.org/wiki/Edge_case,,
694,https://en.wikipedia.org/wiki/Edge_coloring,,
695,https://en.wikipedia.org/wiki/Edge_contraction,,
696,https://en.wikipedia.org/wiki/Edge_list,,
697,https://en.wikipedia.org/wiki/Edmonds_matrix,,
698,https://en.wikipedia.org/wiki/Edmonton_Public_Library,,
699,https://en.wikipedia.org/wiki/Edmund_M._Clarke,,
700,https://en.wikipedia.org/wiki/Edraw_Max,,
701,https://en.wikipedia.org/wiki/Edsger_W._Dijkstra,,
702,https://en.wikipedia.org/wiki/Educational_technology,,
703,https://en.wikipedia.org/wiki/Edward_Feigenbaum,,
704,https://en.wikipedia.org/wiki/Edward_III_of_England,,
705,https://en.wikipedia.org/wiki/Edward_II_of_England,,
706,https://en.wikipedia.org/wiki/Edwin_Catmull,,
707,https://en.wikipedia.org/wiki/Eigenbasis,,
708,https://en.wikipedia.org/wiki/Eigendecomposition,,
709,https://en.wikipedia.org/wiki/Eigenstates,,
710,https://en.wikipedia.org/wiki/Eigenvalue,,
711,https://en.wikipedia.org/wiki/Eigenvalue,_eigenvector_and_eigenspace,
712,https://en.wikipedia.org/wiki/Eigenvalues_and_eigenvectors,,
713,https://en.wikipedia.org/wiki/Eigenvector,,
714,https://en.wikipedia.org/wiki/Einstein_notation,,
715,https://en.wikipedia.org/wiki/Einstein_tensor,,
716,https://en.wikipedia.org/wiki/Elaine_M._McGraw,,
717,https://en.wikipedia.org/wiki/Election_Assistance_Commission,,
718,https://en.wikipedia.org/wiki/Electric_circuit,,
719,https://en.wikipedia.org/wiki/Electric_current,,
720,https://en.wikipedia.org/wiki/Electrical_impedance,,
721,https://en.wikipedia.org/wiki/Electromagnetic_tensor,,
722,https://en.wikipedia.org/wiki/Electromagnetism,,
723,https://en.wikipedia.org/wiki/Electronic_component,,
724,https://en.wikipedia.org/wiki/Electronic_design_automation,,
725,https://en.wikipedia.org/wiki/Electronic_publishing,,
726,https://en.wikipedia.org/wiki/Electronic_voting,,
727,https://en.wikipedia.org/wiki/Element_(mathematics),,
728,https://en.wikipedia.org/wiki/Elementary_algebra,,
729,https://en.wikipedia.org/wiki/Elementary_matrix,,
730,https://en.wikipedia.org/wiki/Elementary_particle,,
731,https://en.wikipedia.org/wiki/Eli_Upfal,,
732,https://en.wikipedia.org/wiki/Ellipse,,
733,https://en.wikipedia.org/wiki/Elliptic_partial_differential_equation,,
734,https://en.wikipedia.org/wiki/Elwin_Bruno_Christoffel,,
735,https://en.wikipedia.org/wiki/Embarrassingly_parallel,,
736,https://en.wikipedia.org/wiki/Embedded_system,,
737,https://en.wikipedia.org/wiki/Emphasis_(typography),,
738,https://en.wikipedia.org/wiki/Empty_graph,,
739,https://en.wikipedia.org/wiki/Empty_product,,
740,https://en.wikipedia.org/wiki/Empty_set,,
741,https://en.wikipedia.org/wiki/Encryption,,
742,https://en.wikipedia.org/wiki/Encyclopedia,,
743,https://en.wikipedia.org/wiki/Encyclopedia_of_Mathematics,,
744,https://en.wikipedia.org/wiki/Endomorphism_ring,,
745,https://en.wikipedia.org/wiki/Energy_function,,
746,https://en.wikipedia.org/wiki/Engineering,,
747,https://en.wikipedia.org/wiki/Engineering_mathematics,,
748,https://en.wikipedia.org/wiki/England,,
749,https://en.wikipedia.org/wiki/English_language,,
750,https://en.wikipedia.org/wiki/Enterprise_information_system,,
751,https://en.wikipedia.org/wiki/Enterprise_software,,
752,https://en.wikipedia.org/wiki/Entitative_graph,,
753,https://en.wikipedia.org/wiki/Enumerated_type,,
754,https://en.wikipedia.org/wiki/Enumeration_of_graphs,,
755,https://en.wikipedia.org/wiki/Equations_of_motion,,
756,https://en.wikipedia.org/wiki/Equivalence_of_categories,,
757,https://en.wikipedia.org/wiki/Equivalent_matrix,,
758,https://en.wikipedia.org/wiki/Eric_W._Weisstein,,
759,https://en.wikipedia.org/wiki/Ernst_Chain,,
760,https://en.wikipedia.org/wiki/Essex_County,_New_Jersey,
761,https://en.wikipedia.org/wiki/Euclidean_distance_matrix,,
762,https://en.wikipedia.org/wiki/Euclidean_geometry,,
763,https://en.wikipedia.org/wiki/Euclidean_plane,,
764,https://en.wikipedia.org/wiki/Euclidean_space,,
765,https://en.wikipedia.org/wiki/Euclidean_vector,,
766,https://en.wikipedia.org/wiki/Eugene,_Oregon,
767,https://en.wikipedia.org/wiki/Eugene_Myers,,
768,https://en.wikipedia.org/wiki/European_Journal_of_Combinatorics,,
769,https://en.wikipedia.org/wiki/European_Mathematical_Society,,
770,https://en.wikipedia.org/wiki/Exchange_matrix,,
771,https://en.wikipedia.org/wiki/Existential_graph,,
772,https://en.wikipedia.org/wiki/Expander_graph,,
773,https://en.wikipedia.org/wiki/Explicit_parallelism,,
774,https://en.wikipedia.org/wiki/Exponential_search,,
775,https://en.wikipedia.org/wiki/Expression_(mathematics),,
776,https://en.wikipedia.org/wiki/Extendible_hashing,,
777,https://en.wikipedia.org/wiki/Extension_(predicate_logic),,
0,,,https://en.wikipedia.org/wiki/Adjacency_matrix
1,,,https://en.wikipedia.org/wiki/Binary_search
2,,,https://en.wikipedia.org/wiki/Clifford_Stein
3,,,https://en.wikipedia.org/wiki/David_Eppstein
4,,,https://en.wikipedia.org/wiki/Graph_(discrete_mathematics)
5,,,https://en.wikipedia.org/wiki/Graph_drawing
6,,,https://en.wikipedia.org/wiki/Graph_theory
7,,,https://en.wikipedia.org/wiki/Hash_table
8,,,https://en.wikipedia.org/wiki/LCF_notation
9,,,https://en.wikipedia.org/wiki/Main_Page
10,,,https://en.wikipedia.org/wiki/Matrix_(mathematics)
11,,,https://en.wikipedia.org/wiki/Ronald_L._Rivest
12,,,https://en.wikipedia.org/wiki/Singly_linked_list
13,,,https://en.wikipedia.org/wiki/Sparse_graph
14,,,https://en.wikipedia.org/wiki/Special:BookSources/0-262-03293-7
15,,,https://en.wikipedia.org/wiki/Special:MyContributions
16,,,https://en.wikipedia.org/wiki/Special:RecentChanges
17,,,https://en.wikipedia.org/wiki/Special:SpecialPages
18,,,https://en.wikipedia.org/wiki/Special:WhatLinksHere/Adjacency_list
19,,,https://en.wikipedia.org/wiki/Trivial_Graph_Format
20,,,https://en.wikipedia.org/wiki/XGMML
